{
  "3": {
    "days": 30,
    "rmse": 0.38062127930719547,
    "mae": 0.21375312461365878,
    "r2": -0.08537438888192495,
    "mape": 1361117.698259947
  },
  "6": {
    "days": 60,
    "rmse": 0.39065283075882795,
    "mae": 0.24040424483523212,
    "r2": -0.14333998393654057,
    "mape": 1318307.4957475327
  },
  "9": {
    "days": 90,
    "rmse": 0.3935933492314095,
    "mae": 0.22543871533833612,
    "r2": -0.16061704086291906,
    "mape": 1298039.690072111
  },
  "12": {
    "days": 120,
    "rmse": 0.36840046401593973,
    "mae": 0.2052014168368215,
    "r2": -0.016795878827959854,
    "mape": 1263304.451191286
  },
  "15": {
    "days": 150,
    "rmse": 0.379613452603792,
    "mae": 0.19909718317224254,
    "r2": -0.07963418909418629,
    "mape": 1320624.2885399247
  },
  "18": {
    "days": 180,
    "rmse": 0.3741827979395728,
    "mae": 0.2089974688948065,
    "r2": -0.04896519019109369,
    "mape": 1315009.3564677257
  },
  "21": {
    "days": 210,
    "rmse": 0.37288228510048677,
    "mae": 0.21058175800591822,
    "r2": -0.041686277288823126,
    "mape": 1300276.0045728616
  },
  "24": {
    "days": 240,
    "rmse": 0.3650675652701399,
    "mae": 0.19743881099101088,
    "r2": 0.0015186921002948717,
    "mape": 1318211.0344147189
  },
  "27": {
    "days": 270,
    "rmse": 0.36053826324301297,
    "mae": 0.19100435290971599,
    "r2": 0.02614081441996663,
    "mape": 1312436.7015230856
  },
  "30": {
    "days": 300,
    "rmse": 0.3717734477417692,
    "mae": 0.193528631468714,
    "r2": -0.03550017884095569,
    "mape": 1351132.0562745496
  },
  "33": {
    "days": 330,
    "rmse": 0.3614396921622589,
    "mae": 0.16885441035969972,
    "r2": 0.0212649809500014,
    "mape": 1331663.5721911425
  },
  "36": {
    "days": 360,
    "rmse": 0.36126998391717663,
    "mae": 0.16567794110322456,
    "r2": 0.0221838640246681,
    "mape": 1334675.924362092
  }
}